{
  "version": 1,
  "author": "Anonymous maker",
  "editor": "wokwi",
  "parts": [
    { "type": "board-esp32-s3-devkitc-1", "id": "esp", "top": -9.78, "left": 244.57, "attrs": {} },
    {
      "type": "wokwi-led",
      "id": "led1",
      "top": 188.4,
      "left": -149.8,
      "attrs": { "color": "yellow" }
    },
    {
      "type": "wokwi-led",
      "id": "led2",
      "top": 188.4,
      "left": -92.2,
      "attrs": { "color": "limegreen" }
    },
    {
      "type": "wokwi-led",
      "id": "led3",
      "top": 188.4,
      "left": -34.6,
      "attrs": { "color": "red" }
    },
    { "type": "wokwi-led", "id": "led4", "top": 188.4, "left": 23, "attrs": { "color": "blue" } },
    {
      "type": "wokwi-pushbutton-6mm",
      "id": "btn1",
      "top": 193,
      "left": -428,
      "rotate": 90,
      "attrs": { "color": "yellow", "xray": "1" }
    },
    {
      "type": "wokwi-pushbutton-6mm",
      "id": "btn2",
      "top": 193,
      "left": -380,
      "rotate": 90,
      "attrs": { "color": "green", "xray": "1" }
    },
    {
      "type": "wokwi-pushbutton-6mm",
      "id": "btn3",
      "top": 193,
      "left": -332,
      "rotate": 90,
      "attrs": { "color": "red", "xray": "1" }
    },
    {
      "type": "wokwi-pushbutton-6mm",
      "id": "btn4",
      "top": 193,
      "left": -284,
      "rotate": 90,
      "attrs": { "color": "blue", "xray": "1" }
    },
    {
      "type": "wokwi-resistor",
      "id": "r1",
      "top": 128.2,
      "left": -432.85,
      "rotate": 270,
      "attrs": { "value": "2200" }
    },
    {
      "type": "wokwi-resistor",
      "id": "r2",
      "top": 128.2,
      "left": -384.85,
      "rotate": 270,
      "attrs": { "value": "2200" }
    },
    {
      "type": "wokwi-resistor",
      "id": "r3",
      "top": 128.2,
      "left": -336.85,
      "rotate": 270,
      "attrs": { "value": "2200" }
    },
    {
      "type": "wokwi-resistor",
      "id": "r4",
      "top": 128.2,
      "left": -288.85,
      "rotate": 270,
      "attrs": { "value": "2200" }
    },
    {
      "type": "wokwi-resistor",
      "id": "r5",
      "top": 128.2,
      "left": -164.05,
      "rotate": 270,
      "attrs": { "value": "470" }
    },
    {
      "type": "wokwi-resistor",
      "id": "r6",
      "top": 128.2,
      "left": -106.45,
      "rotate": 270,
      "attrs": { "value": "470" }
    },
    {
      "type": "wokwi-resistor",
      "id": "r7",
      "top": 128.2,
      "left": -48.85,
      "rotate": 270,
      "attrs": { "value": "470" }
    },
    {
      "type": "wokwi-resistor",
      "id": "r8",
      "top": 128.2,
      "left": 8.75,
      "rotate": 270,
      "attrs": { "value": "470" }
    }
  ],
  "connections": [
    [ "esp:TX", "$serialMonitor:RX", "", [] ],
    [ "esp:RX", "$serialMonitor:TX", "", [] ],
    [ "r1:2", "r2:2", "green", [ "h0" ] ],
    [ "r2:2", "r3:2", "green", [ "h0" ] ],
    [ "r3:2", "r4:2", "green", [ "h0" ] ],
    [ "r5:2", "r6:2", "green", [ "h0" ] ],
    [ "r6:2", "r7:2", "green", [ "h0" ] ],
    [ "r7:2", "r8:2", "green", [ "h0" ] ],
    [ "r8:2", "esp:GND.1", "green", [ "h0" ] ],
    [ "r1:1", "btn1:1.l", "green", [ "h0", "v19.2" ] ],
    [ "r2:1", "btn2:1.l", "green", [ "h0" ] ],
    [ "r3:1", "btn3:1.l", "green", [ "h0", "v28.8" ] ],
    [ "r4:1", "btn4:1.l", "green", [ "h0" ] ],
    [ "r5:1", "led1:C", "green", [ "h0" ] ],
    [ "r6:1", "led2:C", "green", [ "h0" ] ],
    [ "r7:1", "led3:C", "green", [ "h0" ] ],
    [ "r8:1", "led4:C", "green", [ "h0" ] ],
    [ "btn1:1.l", "esp:9", "gold", [ "v0" ] ],
    [ "btn2:1.l", "esp:10", "green", [ "v0" ] ],
    [ "btn3:1.l", "esp:11", "red", [ "v0" ] ],
    [ "btn4:1.l", "esp:12", "blue", [ "v0" ] ],
    [ "led1:A", "esp:42", "gold", [ "v0" ] ],
    [ "led2:A", "esp:41", "green", [ "v0" ] ],
    [ "led3:A", "esp:40", "red", [ "v0" ] ],
    [ "led4:A", "esp:39", "blue", [ "v0" ] ],
    [ "btn4:2.r", "btn3:2.r", "green", [ "v19.5", "h-29.7" ] ],
    [ "btn3:2.r", "btn2:2.r", "green", [ "v19.5", "h-39.3" ] ],
    [ "btn2:2.r", "btn1:2.r", "green", [ "v19.5", "h-29.7" ] ],
    [ "btn1:2.r", "esp:GND.1", "green", [ "v48.3", "h517.5" ] ],
    [ "r4:2", "esp:3V3.1", "green", [ "h0", "v-75.6" ] ]
  ],
  "dependencies": {}
}